[
  {
    "id": 1,
    "name": "Wireless Mouse",
    "price": 24.99,
    "category": "electronics",
    "stock": 150,
    "discounted": true,
    "last_updated": "2025-04-18"
  },
  {
    "id": 3,
    "name": "LED Desk Lamp",
    "price": 18.75,
    "category": "electronics",
    "stock": 42,
    "discounted": true,
    "last_updated": "2025-04-18"
  },
  {
    "id": 4,
    "name": "Sticky Notes",
    "price": 1.99,
    "category": "stationery",
    "stock": 120,
    "discounted": false,
    "last_updated": "2025-04-18"
  }
]